{
  "threshold": 0.47948979423426025,
  "roc_auc": 0.8252647481927088,
  "pr_auc": 0.24687546616033357,
  "precision": 0.13417855256207079,
  "recall": 0.7075208913649025,
  "f1": 0.2255772646536412,
  "model_type": "LightGBM",
  "train_rows": 40000,
  "test_rows": 10000,
  "positive_rate": 0.03586,
  "mlflow_run_id": "451c608a14824295bb8fa565107a1460"
}